-- MySQL dump 10.10
--
-- Host: localhost    Database: fantasydb
-- ------------------------------------------------------
-- Server version	5.0.27-community-nt

/*!40101 SET @OLD_CHARACTER_SET_CLIENT=@@CHARACTER_SET_CLIENT */;
/*!40101 SET @OLD_CHARACTER_SET_RESULTS=@@CHARACTER_SET_RESULTS */;
/*!40101 SET @OLD_COLLATION_CONNECTION=@@COLLATION_CONNECTION */;
/*!40101 SET NAMES utf8 */;
/*!40103 SET @OLD_TIME_ZONE=@@TIME_ZONE */;
/*!40103 SET TIME_ZONE='+00:00' */;
/*!40014 SET @OLD_UNIQUE_CHECKS=@@UNIQUE_CHECKS, UNIQUE_CHECKS=0 */;
/*!40014 SET @OLD_FOREIGN_KEY_CHECKS=@@FOREIGN_KEY_CHECKS, FOREIGN_KEY_CHECKS=0 */;
/*!40101 SET @OLD_SQL_MODE=@@SQL_MODE, SQL_MODE='NO_AUTO_VALUE_ON_ZERO' */;
/*!40111 SET @OLD_SQL_NOTES=@@SQL_NOTES, SQL_NOTES=0 */;

--
-- Table structure for table `albums`
--

DROP TABLE IF EXISTS `albums`;
CREATE TABLE `albums` (
  `AlbumName` varchar(50) NOT NULL default '',
  `Picture` varchar(50) NOT NULL default '',
  `Directory` varchar(50) NOT NULL default '',
  PRIMARY KEY  (`Directory`)
) ENGINE=MyISAM;

--
-- Dumping data for table `albums`
--

LOCK TABLES `albums` WRITE;
/*!40000 ALTER TABLE `albums` DISABLE KEYS */;
INSERT INTO `albums` VALUES ('Spring Break Nationals 2007','tn_100_1650.JPG','SBN 2007'),('Spring Break Nationals 2007 - Wet T-Shirt','tn_100_1852.JPG','sbn wet t'),('DB Drag World Finals 2006','tn_06DBDragFinals 019.jpg','06DBDragFinals'),('Steel Valley Regionals 06','tn_v.jpg','SVR606'),('B\'s Car Audio 06','tn_ohio717 027.jpg','ohio717');
/*!40000 ALTER TABLE `albums` ENABLE KEYS */;
UNLOCK TABLES;

--
-- Table structure for table `ccshows`
--

DROP TABLE IF EXISTS `ccshows`;
CREATE TABLE `ccshows` (
  `Location` varchar(35) NOT NULL default '',
  `EventName` varchar(35) NOT NULL default '',
  `Date` varchar(15) NOT NULL default '',
  `EventID` int(11) NOT NULL auto_increment,
  PRIMARY KEY  (`EventID`)
) ENGINE=MyISAM AUTO_INCREMENT=2;

--
-- Dumping data for table `ccshows`
--

LOCK TABLES `ccshows` WRITE;
/*!40000 ALTER TABLE `ccshows` DISABLE KEYS */;
INSERT INTO `ccshows` VALUES ('Burlington, MA','Circuit City Tour Opening Day','4-29-2007',1);
/*!40000 ALTER TABLE `ccshows` ENABLE KEYS */;
UNLOCK TABLES;

--
-- Table structure for table `competitors`
--

DROP TABLE IF EXISTS `competitors`;
CREATE TABLE `competitors` (
  `CompetitorName` text NOT NULL,
  `YearlySalary` bigint(20) default NULL,
  `Class` text,
  `ScoreYTD` int(11) default NULL,
  `CompetitorID` int(11) NOT NULL auto_increment,
  PRIMARY KEY  (`CompetitorID`)
) ENGINE=InnoDB;

--
-- Dumping data for table `competitors`
--

LOCK TABLES `competitors` WRITE;
/*!40000 ALTER TABLE `competitors` DISABLE KEYS */;
INSERT INTO `competitors` VALUES ('Jay Odom',30860,'Street A',0,28),('James Herren',59153,'Street A',0,29),('Scott Rehlander',25191,'Street A',20,30),('Simon Ziegelbauer',7446,'Street A',0,31),('Michael Nauta',13484,'Street A',0,32),('Chip Hallman',4777,'Street A',0,33),('Tony Rivera',4070,'Street A',0,34),('Kin Santos',2108,'Street A',0,35),('Terry Jackson',30646,'Street B',0,36),('WCA Carlton',30939,'Street B',20,37),('Thomas Inserra',12693,'Street B',0,38),('Sound Mekanix - Street A',6270,'Street B',35,39),('Casey Sullivan',5024,'Street B',0,40),('Ivan Rodriguez',5101,'Street B',0,41),('Brian Stokes',43855,'Street B',11,42),('Alex Kish',3394,'Street B',0,43),('Kevin Koller',55186,'Street C',0,44),('Jose Ortega',23479,'Street C',35,45),('Toby Newton',76017,'Street C',20,46),('Steve Nelson',6310,'Street C',0,47),('Robert McGee',4348,'Street C',0,48),('Steven Tyler',3103,'Street C',0,49),('Billy Hurly',3179,'Street C',0,50),('Cactus Sounds',30934,'Street Max 1-2',0,51),('David Montgomery',44510,'Street Max 1-2',0,52),('Chad Tyler',18265,'Street Max 1-2',0,53),('Barry Cook',10803,'Street Max 1-2',0,54),('Bubba Webber',6096,'Street Max 1-2',0,55),('John Eason Jr.',5389,'Street Max 1-2',0,56),('Randy Dickerson',3427,'Street Max 1-2',0,57),('George Fann',10965,'Street Max 1-2',20,58),('Team 420 - Jesse',46258,'Street Max 3-4',0,59),('Miranda Jackson',32012,'Street Max 3-4',0,60),('Team Nutz',58589,'Street Max 3-4',35,61),('Broken Silence - Biggie',42343,'Street Max 3-4',0,62),('Noizy Toyz - Miguel',31420,'Street Max 3-4',0,63),('Team Kryptonite',5174,'Street Max 3-4',0,64),('Danny Britain',30213,'Super Street 1-2',0,65),('Team 420 - Rooney',54467,'Super Street 1-2',28,66),('Ashley Eason',17044,'Super Street 1-2',0,67),('Team T&T',7336,'Super Street 1-2',0,68),('Joseph Hedden',35375,'Super Street 1-2',15,69),('Chris McVay',10129,'Super Street 1-2',0,70),('Noizy Toyz - Andrae',3422,'Super Street 1-2',0,71),('Kyle Anderson',2960,'Super Street 1-2',0,72),('John Mulcahy',47253,'Super Street 1-2 Nw',28,73),('Team Riles',10291,'Super Street 1-2 Nw',0,74),('New Wave Audio',8584,'Super Street 1-2 Nw',0,75),('Matthew Williams',25122,'Super Street 1-2 Nw',0,76),('Robert Morning',5877,'Super Street 1-2 Nw',0,77),('Gorman Cassidy',60453,'Super Street 3-4',35,78),('Ben Sams',25208,'Super Street 3-4',0,79),('Carlos Rodriguez',29284,'Super Street 3-4',0,80),('Pro Truck Accessories',38039,'Super Street 3-4',28,81),('Rad Bolt',5077,'Super Street 3-4',0,82),('Edgar Calderon',4370,'Super Street 3-4',0,83),('Joey Chobot',13662,'Super Street 3-4',0,84),('Robert Stephens',26239,'Super Street 3-4',0,85),('Steve Cook',76493,'Super Street 5+',35,86),('Bob Perillo',50286,'Super Street 5+',0,87),('Neill Barber',16824,'Super Street 5+',20,88),('Daniel Echt Jr.',7363,'Super Street 5+',0,89),('Team Dreamscape - Devin',5155,'Super Street 5+',0,90),('Donell Fonville',4448,'Super Street 5+',0,91),('Justin Baird',3986,'Super Street 5+',0,92),('David Tapia',3279,'Super Street 5+',0,93),('Team Neo - Mike',95317,'Street C',0,94),('Mark Holbrook',38072,'Extreme 1',0,95),('Bruce Dressel',11148,'Extreme 1',0,96),('Scott Van Riper',26441,'Extreme 2',0,97),('Geoff Eberly',47196,'Extreme 2',0,98),('Team Fusion Car Audio',38772,'Extreme 3-4',0,99),('Chris Norris',47527,'Extreme 3-4',15,100),('Edge Audio',45103,'Extreme 5+',35,101),('Tim Heath',61358,'Extreme 5+',28,102),('Team SPL Bank - Scott',25150,'Street A',0,103),('Team Shocker - Bill',25689,'Street A',0,104),('Team Neo - Eric',50227,'Street A',0,105),('Team Flatline',16020,'Street A',0,106),('Yuli Shumsky',5312,'Street A',0,107),('Team ChrisMel',12851,'Street A',0,108),('Bill Lolo',2605,'Street A',0,109),('Team Neo - Vernon',83182,'Street B',0,110),('Team SPL Bank',16436,'Street B',0,111),('Terry Brocks 2',23474,'Street B',0,112),('Jason Hardie',12767,'Street B',0,113),('Les Kostuch',5098,'Street B',0,114),('Jeremy Keith',40391,'Street B',0,115),('Team Pop Rocks',12467,'Street C',0,116),('Jared Williams',7222,'Street C',0,117),('Car Audio Unlimited',5260,'Street C',0,118),('Brendon Solarz',4553,'Street C',0,119),('Cory Hoskins',19846,'Street C',0,120),('Team Livewire',54384,'Street Max 1-2',0,121),('Mike Rohrbach',30422,'Street Max 1-2',0,122),('Jay Thomson',79715,'Street Max 1-2',0,123),('Team Emax',7008,'Street Max 1-2',0,124),('Nathan Potter',5046,'Street Max 1-2',0,125),('Mike Fallon',31339,'Street Max 3-4',0,126),('Steve Mick',31877,'Street Max 3-4',0,127),('Team Walrus',15631,'Super Street 1-2',0,128),('Jared Horton',35924,'Super Street 1-2',0,129),('Hreha Reflections',25501,'Super Street 1-2',0,130),('Team USAudio',6255,'Super Street 1-2',0,131),('Will Perez',18332,'Super Street 1-2 Nw',0,132),('Team Livewire - Gene',11086,'Super Street 1-2 Nw',0,133),('Team Sound Xtreme',8124,'Super Street 1-2 Nw',0,134),('Eric Winter',30417,'Super Street 1-2 Nw',0,135),('Dr. Matthew Miller',25710,'Super Street 3-4',0,136),('Randy Kubek',10286,'Super Street 5+',0,137),('Sodda Pop Kid',16041,'Extreme 3-4',0,138),('Advanced Mobile Toys',29579,'Street A',0,139),('Jeff Brown',33334,'Street A',35,140),('Joseph Ault Sr.',7410,'Street A',0,141),('Team Urban ArtFx - Percy',10203,'Street A',0,142),('Sound Decision - Mike',28741,'Street B',0,143),('Jason Fantzdomingo',6034,'Street B',0,144),('Jeramie Blake',5327,'Street B',0,145),('Robert Birkhimer',3365,'Street B',0,146),('Sound Decision - Alex',15658,'Street C',0,147),('Steven Ignacek',14196,'Street C',0,148),('Brian Kasper',19489,'Street Max 1-2',0,149),('Dennis Barrett',7243,'Street Max 1-2',0,150),('Sam Snowden',5281,'Street Max 1-2',0,151),('Andy Brown',10574,'Street Max 3-4',0,152),('Curt Elgensee',8151,'Super Street 1-2',0,153),('Eric Klypchak',6405,'Super Street 1-2',0,154),('Jack Thomas',15198,'Super Street 1-2 Nw',0,155),('Big Oso',35736,'Super Street 1-2 Nw',0,156),('Team Shocker - Rodney',16274,'Super Street 3-4',0,157),('Chris Harms',23067,'Super Street 3-4',0,158),('Ric Balmert',6360,'Super Street 3-4',0,159),('Dan Bates',5898,'Super Street 3-4',0,160),('Ed Gardner',4653,'Super Street 3-4',0,161),('Eric Lane',25229,'Super Street 5+',0,162),('Greg Zoller',26484,'Super Street 5+',0,163),('John Hrabik',17060,'Super Street 5+',0,164),('Alan Dante',16353,'Extreme 1',0,165),('Team XS SPL - Deron',26107,'Extreme 1',0,166),('Team Two - Beau',31146,'Extreme 1',28,167),('Eric Parsley',5438,'Extreme 1',0,168),('Team EH',19977,'Extreme 1',0,169),('Edge Audio - Kyle',16269,'Extreme 2',35,170),('Fred Wright Jr.',8062,'Extreme 2',0,171),('Team Organized Noize - Keith',20600,'Extreme 2',0,172),('Extreme Audio',31139,'Extreme 3-4',35,173),('Team XS SPL - Roger',11431,'Extreme 3-4',0,174),('Danny Hays',8470,'Extreme 3-4',0,175),('Extreme Sound - Danielle',5762,'Extreme 5+',0,176),('Craig Butler',23055,'Extreme 5+',20,177),('Team XS SPL - Tuan',15093,'Street A',0,178),('Ryan Ferguson',24348,'Street A',0,179),('Terry Brocks',5924,'Street A',0,180),('Brad Firgard',31217,'Street B',0,181),('Thee Michael Hughes',51972,'Street B',0,182),('Sound Check',44010,'Street B',0,183),('Jeff Stanford',18303,'Street B',0,184),('Jeremiah Ledgerwood',31841,'Street C',0,185),('Brandon Nelsen',18379,'Street C',0,186),('Team James Carnes',22172,'Street Max 1-2',0,187),('Mike Makus',24426,'Street Max 1-2',0,188),('High Output Audio',31003,'Street Max 3-4',0,189),('Geoff Cayemberg',38757,'Street Max 3-4',0,190),('Jordan Martin',5334,'Street Max 3-4',0,191),('Justin Thornton',34088,'Street Max 3-4',0,192),('Team H&K - Jesse',18381,'Street Max 3-4',0,193),('Team Budweiser',48919,'Super Street 1-2',0,194),('Border Motorsports 2',26458,'Super Street 1-2',0,195),('Team XS SPL - Jeffrey',6250,'Super Street 1-2',0,196),('Brad Eubank',45788,'Super Street 1-2',0,197),('Team SKS',3543,'Super Street 1-2',0,198),('Alan Laake',15836,'Super Street 1-2 Nw',0,199),('William Collier',40412,'Super Street 1-2 Nw',35,200),('Jason Meyer',23167,'Super Street 1-2 Nw',0,201),('Team XS SPL - Rolando',20705,'Super Street 1-2 Nw',0,202),('Matt Chilcote',22998,'Super Street 1-2 Nw',0,203),('Team BK',4291,'Super Street 1-2 Nw',0,204),('Rusty Flowers',23329,'Super Street 3-4',0,205),('Team NWA',4622,'Super Street 3-4',0,206),('Terry Francis',19160,'Super Street 3-4',0,207),('Team New York - 1',3322,'Super Street 3-4',0,208),('Scottie Johnson',18407,'Super Street 5+',0,209),('The Radio Doctor - Matt',51400,'Super Street 5+',0,210),('Team CE Audio',18486,'Super Street 5+',0,211),('Team Stereo One - Brad',38648,'Super Street 5+',0,212),('Team SPM',15272,'Street B',0,213),('Team Trendsetters - TJ',10141,'Street C',0,214),('Jacob Marrs',8726,'Street C',0,215),('WillB Smoove',15350,'Street Max 1-2',0,216),('Stephen Fisher',15219,'Super Street 1-2',0,217),('Kyle Aronow',11343,'Super Street 1-2',0,218),('Broken Silence - Gabe',10429,'Super Street 1-2 Nw',0,219),('Kevin Ecker',16260,'Mini Street 1',0,220),('Trent Martin',10298,'Mini Street 1',0,221),('Robbie Hensley',15883,'Mini Street 2',0,222),('Sean Iles',10752,'Mini Street 2',0,223),('Team Shedluv',31376,'Street A',0,224),('Street Beatz 1',25000,'Street A',0,225),('Bruce Ogden',15700,'Street B',0,226),('Tim Dougherty',20748,'Street B',0,227),('Dan Breeden',8079,'Street B',0,228),('Ed Bausman',7202,'Street B',0,229),('Nick Pound',31071,'Street C',0,230),('Street Beatz 4',30402,'Street Max 3-4',0,231),('Troy Wojciechowski',20026,'Street A',0,232),('Paul Clements',8612,'Street A',0,233),('Dan Hadley',6481,'Street A',0,234),('Christopher Hill',23105,'Street B',0,235),('Jeff Sinotte',6398,'Street B',0,236),('Kyle Rex',5936,'Street B',0,237),('Chris Beck',4559,'Street B',0,238),('Joe Hartwig',4390,'Street B',0,239),('Adam Randt',2476,'Street B',0,240),('Advanced Spl - Dave',16307,'Street C',0,241),('Cher Her',10507,'Street C',0,242),('Tye Hartwell',23131,'Street C',0,243),('Joe Puhl',6716,'Street C',0,244),('Weston Eslinger',5586,'Street C',0,245),('Wuarez Jackson',4209,'Street C',0,246),('Trevor Zeller',16040,'Street Max 1-2',0,247),('Jeremy Mizorek',10664,'Street Max 1-2',0,248),('Mike Miller',8288,'Street Max 1-2',0,249),('Leon Dixon',10157,'Street Max 3-4',0,250),('Darek Stuber',8743,'Street Max 3-4',0,251),('Team Sounds & Motion',15612,'Super Street 1-2',0,252),('June Delacruz',10659,'Super Street 1-2',0,253),('Ryan Jacobs',8528,'Super Street 1-2',0,254),('Mathew Korth',6152,'Super Street 1-2',0,255),('Kyle Lepinsky',5983,'Super Street 1-2',0,256),('Seth Scholl',41145,'Super Street 1-2 Nw',0,257),('Andrew Werch',10476,'Super Street 1-2 Nw',0,258),('Tyler Hallet',9354,'Super Street 1-2 Nw',0,259),('Joshua Vogt',7224,'Super Street 1-2 Nw',0,260),('Sounds & Motion',15309,'Super Street 3-4',0,261),('Exclusive Co + Ardens',10178,'Super Street 3-4',0,262),('Andrew Wilson',11302,'Super Street 5+',0,263),('Jason Woida',8633,'Super Street 5+',0,264),('John Elom',16219,'Mini Street 1',0,265),('Kris Banks',10419,'Mini Street 1',0,266),('Darrell Scott',16004,'Mini Street 2',0,267),('Adam Hodge',10874,'Mini Street 2',0,268),('Jeff Barnes',8497,'Mini Street 2',0,269),('Isaac Madden',16083,'Mini Street 3',0,270),('Thomas Sullivan',10707,'Mini Street 3',0,271),('Jacob Hendrix',8576,'Mini Street 3',0,272),('Heath Mccurdy',6200,'Mini Street 3',0,273),('Mickey Miller',11323,'Street A',0,274),('Team Subgopoof',9193,'Street B',0,275),('Rodney Busch',8278,'Street A',0,276),('Team H&K - James',26402,'Street B',0,277),('Team H&K - Jordan',8733,'Street C',0,278),('Team H&K - Delbert',16357,'Street C',0,279),('Team H&K - Kent',11188,'Street Max 1-2',0,280),('Sammy Shinabery',7057,'Street Max 1-2',0,281),('Custom Audio Concepts',15681,'Super Street 1-2',0,282),('Carlos Porter',10012,'Super Street 1-2',0,283),('Sound Impressions Jon Brady',16266,'Super Street 3-4',0,284),('Team H&K - Dustin',10890,'Super Street 3-4',0,285),('Ryan Stuck',8759,'Super Street 3-4',0,286),('Jared Crozier',15345,'Super Street 5+',0,287),('David Williams',23007,'Street B',0,288),('Rich Meyer',7130,'Street C',0,289),('Danny + Melinda Britain',15461,'Super Street 1-2',0,290),('Team Loud As Phuck 1',15331,'Super Street 1-2 Nw',0,291),('HO Alternators - Rick',15454,'Super Street 1-2 Nw',0,292),('Team Urban ArtFx',6078,'Super Street 1-2 Nw',0,293),('John Kosiek',10164,'Super Street 3-4',0,294),('David Dominiak',10033,'Street B',0,295),('Smileys Electronics',15618,'Street Max 1-2',0,296),('Michael Hughes',16026,'Super Street 1-2 Nw',0,297),('David Mesquita',10650,'Super Street 1-2 Nw',0,298),('Albert Hughes',15435,'Super Street 5+',0,299),('Lee Lane',9314,'Extreme 5+',0,300),('Devino Putney',16476,'Street Max 3-4',0,301),('Walt Johnson',21345,'Street Max 3-4',28,302),('Todd Simmons',10969,'Super Street 1-2',0,303),('Jamie Chestnut',15592,'Super Street 1-2 Nw',0,304),('Advanced Spl - Dan',16178,'Street A',0,305),('Advanced Spl - John',10802,'Street A',0,306),('Chuck Hartwig',10671,'Street Max 1-2',0,307),('Kyle Swetzig',11256,'Street Max 3-4',0,308),('Elmer Dela Cruz',16126,'Super Street 1-2 Nw',0,309),('Zach Davis',10211,'Super Street 3-4',0,310),('Michael Haddock',15080,'Mini Street 3',0,311),('Travis Honeycutt',10666,'Mini Street 3',0,312),('Dustin Sensing',8535,'Mini Street 3',0,313),('Jason Goostree',16121,'Super Street 1-2 Nw',0,314),('Shelina Jenkins',30028,'Street A',0,315),('Deaf Tones',11152,'Street A',0,316),('JC Car Audio',23237,'Street B',0,317),('Jeff Baragno',25107,'Street B',0,318),('Anthony Reber',9230,'Street B',0,319),('Central Cal SPL - Cory',30316,'Street Max 1-2',0,320),('Mike Martin',16147,'Super Street 1-2',0,321),('Marcus Ferazzi',10771,'Super Street 1-2',0,322),('Shawn Beasley',10394,'Super Street 1-2 Nw',0,323),('James Gittings',10264,'Super Street 3-4',0,324),('Carlos Frias',16387,'Super Street 5+',0,325),('Marshall Boyle',8718,'Street A',0,326),('Lee Gerstoff',11011,'Street B',0,327),('Patrick Tempke',9304,'Street B',0,328),('George Manzo',11173,'Street C',0,329),('Brandon Rogers',10259,'Street Max 3-4',0,330),('Joshua Mills',15128,'Super Street 1-2',0,331),('Chris Knapp',11252,'Super Street 1-2 Nw',0,332),('Michael Williams',9121,'Super Street 1-2 Nw',0,333),('Sound Check - Brett',6744,'Super Street 1-2 Nw',0,334),('Brandon Bower',6330,'Super Street 1-2 Nw',0,335),('David Paulson Jr',15954,'Super Street 3-4',0,336),('Kenny Raney',15823,'Super Street 5+',0,337),('Dustin Wright',11409,'Street A',0,338),('Mike Chaffin',9278,'Street A',0,339),('Fred Van Zandt',8902,'Street B',0,340),('Eric Doughty',16487,'Street C',0,341),('Children Of The Corn 17',11356,'Street Max 1-2',0,342),('Joe Jamtgaard',15687,'Street Max 3-4',0,343),('Street Beatz 3',10442,'Super Street 1-2',0,344),('Ben Canny',8604,'Super Street 1-2',0,345),('Sam Mick',6473,'Super Street 1-2',0,346),('Mike Crandell',11059,'Super Street 1-2 Nw',0,347),('Tru Insayne Soundz - Amc',11221,'Super Street 3-4',0,348),('Jeff Langfald',15844,'Super Street 5+',0,349),('Kevin Terrill',15713,'Street A',0,350),('Heather Anderson',10761,'Street A',0,351),('Eric Mcintosh',10092,'Street C',0,352),('Michael Whyte',24254,'Street C',28,353),('Team Must Go Louder',22378,'Street Max 1-2',15,354),('Pablo Beuitez',11247,'Street Max 1-2',0,355),('Tony Economou',8332,'Street Max 1-2',0,356),('Nick Palmieri',15201,'Street Max 3-4',0,357),('Team Pure Pressure - Henry',16080,'Super Street 1-2',0,358),('Lucas Olzewski',10411,'Super Street 3-4',0,359),('Luis Aquiles',8949,'Super Street 3-4',0,360),('Cecilio Kentish Jr.',21111,'Super Street 5+',0,361),('Shawn Savago',8735,'Super Street 5+',0,362),('Hollis Bowen',16189,'Street A',0,364),('Clay Neill',10813,'Street A',0,365),('Adam Evans',9399,'Street A',0,366),('Clay Ferguson',7268,'Street A',0,367),('David Morningstar',8354,'Street B',0,368),('Ken Evans',8223,'Street C',0,369),('Andrew Sing',5808,'Street C',0,370),('Chris Bernhardt',23677,'Street Max 3-4',20,371),('Jeremy Mack',10301,'Street Max 3-4',0,372),('Timmy Watkins',15170,'Super Street 1-2 Nw',0,373),('Goeff Goetz',10756,'Super Street 1-2 Nw',0,374),('Joshua Ward',8625,'Super Street 1-2 Nw',0,375),('Rocky Webb',5380,'Super Street 1-2 Nw',0,376),('Robert Kennemore',10542,'Super Street 3-4',0,377),('Team Rez Life - Andy',15165,'Extreme 2',0,378),('Team Bassick - Kimo',11289,'Street B',0,379),('Justin Stohlman',6620,'Street B',0,380),('SSB Brunyansky',15244,'Street C',0,381),('Team US Amps - Greg',15113,'Street Max 3-4',0,382),('Alberto Aguilar',10699,'Street Max 3-4',0,383),('Enrique Grijalva',15322,'Super Street 1-2',0,384),('Edmar Gonzalez',10192,'Super Street 1-2',0,385),('Loui Electronics',15777,'Super Street 1-2 Nw',0,386),('Jacob Fincher',15646,'Super Street 3-4',0,387),('Rick Garcia',10270,'Super Street 3-4',0,388),('Fredy Gonzalez',8856,'Super Street 3-4',0,389),('SSB McClelland',15187,'Super Street 5+',0,390),('Bill Johnson',11263,'Super Street 5+',0,391),('Jon Bojanowski',8887,'Street B',0,392),('Team WolfPack Audio',9472,'Street Max 1-2',0,393),('Team Poville - Devin',11342,'Super Street 1-2',0,394),('Squeak ? 8925',10965,'Super Street 1-2 Nw',0,395),('Mark Slessinger',10589,'Super Street 3-4',0,396),('Russ Haugabrook',10213,'Super Street 5+',0,397),('Marcus Owens',6375,'Super Street 5+',0,398),('Audio Outlaws',5584,'Super Street 5+',0,399),('Erik Hoss',15746,'Extreme 1',35,400),('Mike Rowe',9494,'Extreme 2',20,402),('Jereme Creamer',10694,'Street A',28,403),('Michael Lutz',8903,'Street A',20,404),('Ivan Rodriquez',10396,'Street B',28,406),('Team Pinnacle',7227,'Street B',15,407),('Jeremy Sensenig',4020,'Street B',8,408),('Billy Hurley',4144,'Street B',5,409),('Team Lbs Audio - John',10767,'Street C',28,410),('Spl Inc Canada',6929,'Street C',15,411),('Team Custom - Dale',5799,'Street C',11,412),('Peewee Lamarr',15422,'Street Max 1-2',35,413),('Matthew Koenigsmann',10046,'Street Max 1-2',28,414),('Eston Butler',6632,'Street Max 1-2',15,415),('Danny Britian',16039,'Super Street 1-2',35,416),('Team Us Audio',8125,'Super Street 1-2',20,417),('Geoff Goetz',6248,'Super Street 1-2',11,418),('Daniel Echt',4579,'Super Street 1-2',8,419),('Carlos Rodriquez',10203,'Super Street 3-4',28,420);
/*!40000 ALTER TABLE `competitors` ENABLE KEYS */;
UNLOCK TABLES;

--
-- Table structure for table `eventresults`
--

DROP TABLE IF EXISTS `eventresults`;
CREATE TABLE `eventresults` (
  `EventID` int(11) NOT NULL default '0',
  `CompetitorID` int(11) default NULL,
  `Place` int(11) default NULL,
  `Class` text,
  `Score` text,
  `ResultID` int(11) NOT NULL auto_increment,
  PRIMARY KEY  (`ResultID`)
) ENGINE=InnoDB;

--
-- Dumping data for table `eventresults`
--

LOCK TABLES `eventresults` WRITE;
/*!40000 ALTER TABLE `eventresults` DISABLE KEYS */;
INSERT INTO `eventresults` VALUES (11,28,1,'Street A','153.4',1),(11,29,2,'Street A','149.9',2),(11,30,3,'Street A','149.9',3),(11,31,4,'Street A','147.1',4),(11,32,5,'Street A','148.5',5),(11,33,6,'Street A','146.9',6),(11,34,7,'Street A','144.6',7),(11,35,8,'Street A','142.2',8),(11,36,1,'Street B','154.1',9),(11,37,2,'Street B','151.1',10),(11,38,3,'Street B','150.5',11),(11,39,4,'Street B','149.8',12),(11,40,5,'Street B','150.4',13),(11,41,6,'Street B','149.3',14),(11,42,7,'Street B','148.2',15),(11,43,8,'Street B','147.5',16),(11,44,1,'Street C','156.7',17),(11,94,2,'Street C','154.3',18),(11,45,3,'Street C','151.8',19),(11,46,4,'Street C','151.6',20),(11,47,5,'Street C','150.1',21),(11,48,6,'Street C','146.1',22),(11,49,7,'Street C','145.9',23),(11,50,8,'Street C','145.1',24),(11,51,1,'Street Max 1-2','161.6',25),(11,52,2,'Street Max 1-2','157.3',26),(11,53,3,'Street Max 1-2','152.2',27),(11,54,4,'Street Max 1-2','149.3',28),(11,55,5,'Street Max 1-2','145.8',29),(11,56,6,'Street Max 1-2','144',30),(11,57,7,'Street Max 1-2','142.7',31),(11,58,8,'Street Max 1-2','140.5',32),(11,59,1,'Street Max 3-4','160.2',33),(11,60,2,'Street Max 3-4','159.4',34),(11,61,3,'Street Max 3-4','157.7',35),(11,62,4,'Street Max 3-4','156.9',36),(11,63,5,'Street Max 3-4','148.9',37),(11,64,6,'Street Max 3-4','137.8',38),(11,65,1,'Super Street 1-2','162.7',39),(11,66,2,'Super Street 1-2','164.1',40),(11,67,3,'Super Street 1-2','159.9',41),(11,68,4,'Super Street 1-2','159.3',42),(11,69,5,'Super Street 1-2','155.2',43),(11,70,6,'Super Street 1-2','155',44),(11,71,7,'Super Street 1-2','147.2',45),(11,72,8,'Super Street 1-2','144.5',46),(11,73,1,'Super Street 1-2 Nw','156.8',47),(11,74,2,'Super Street 1-2 Nw','149.1',48),(11,75,3,'Super Street 1-2 Nw','149.5',49),(11,76,4,'Super Street 1-2 Nw','142.1',50),(11,77,5,'Super Street 1-2 Nw','139.6',51),(11,78,1,'Super Street 3-4','167.6',52),(11,79,2,'Super Street 3-4','166.7',53),(11,80,3,'Super Street 3-4','162.8',54),(11,81,4,'Super Street 3-4','158.4',55),(11,82,5,'Super Street 3-4','154.5',56),(11,83,6,'Super Street 3-4','149.1',57),(11,84,7,'Super Street 3-4','147.1',58),(11,85,8,'Super Street 3-4','144.9',59),(11,86,1,'Super Street 5+','168.2',60),(11,87,2,'Super Street 5+','163.3',61),(11,88,3,'Super Street 5+','157.6',62),(11,89,4,'Super Street 5+','152.2',63),(11,90,5,'Super Street 5+','150',64),(11,91,6,'Super Street 5+','148.8',65),(11,92,7,'Super Street 5+','148.3',66),(11,93,8,'Super Street 5+','144.2',67),(12,95,1,'Extreme 1','171.3',68),(12,96,2,'Extreme 1','144.8',69),(12,97,1,'Extreme 2','173.7',70),(12,98,2,'Extreme 2','149.4',71),(12,99,1,'Extreme 3-4','172.3',72),(12,100,2,'Extreme 3-4','132.8',73),(12,101,1,'Extreme 5+','179.4',74),(12,102,2,'Extreme 5+','173.5',75),(12,103,1,'Street A','153.7',76),(12,104,2,'Street A','153.9',77),(12,105,3,'Street A','152.9',78),(12,106,4,'Street A','152.7',79),(12,107,5,'Street A','151.9',80),(12,108,6,'Street A','150.8',81),(12,30,7,'Street A','148.3',82),(12,109,8,'Street A','143',83),(12,110,1,'Street B','155.2',84),(12,111,2,'Street B','153.8',85),(12,112,3,'Street B','155',86),(12,113,4,'Street B','153.5',87),(12,114,5,'Street B','151.8',88),(12,38,6,'Street B','151.3',89),(12,115,7,'Street B','150',90),(12,94,1,'Street C','156.5',91),(12,46,2,'Street C','151.9',92),(12,116,3,'Street C','149.8',93),(12,117,4,'Street C','144.5',94),(12,118,5,'Street C','145.9',95),(12,119,6,'Street C','142.1',96),(12,120,7,'Street C','136.7',97),(12,121,1,'Street Max 1-2','158.2',98),(12,122,2,'Street Max 1-2','156.2',99),(12,123,3,'Street Max 1-2','155.7',100),(12,124,4,'Street Max 1-2','151.6',101),(12,125,5,'Street Max 1-2','142.2',102),(12,59,1,'Street Max 3-4','160.9',103),(12,61,2,'Street Max 3-4','157.2',104),(12,126,3,'Street Max 3-4','156.1',105),(12,127,4,'Street Max 3-4','155.8',106),(12,128,1,'Super Street 1-2','163.6',107),(12,66,2,'Super Street 1-2','164.3',108),(12,129,3,'Super Street 1-2','161.2',109),(12,70,4,'Super Street 1-2','159.2',110),(12,130,5,'Super Street 1-2','160.4',111),(12,131,6,'Super Street 1-2','157.3',112),(12,69,7,'Super Street 1-2','152.3',113),(12,132,1,'Super Street 1-2 Nw','154.4',114),(12,133,2,'Super Street 1-2 Nw','154',115),(12,134,3,'Super Street 1-2 Nw','152',116),(12,135,4,'Super Street 1-2 Nw','138.7',117),(12,136,1,'Super Street 3-4','164.2',118),(12,87,1,'Super Street 5+','166.3',119),(12,137,2,'Super Street 5+','156.3',120),(13,99,1,'Extreme 3-4','171.6',121),(13,138,2,'Extreme 3-4','145.7',122),(13,139,1,'Street A','153.8',123),(13,105,2,'Street A','152.5',124),(13,140,3,'Street A','150.6',125),(13,141,4,'Street A','153.6',126),(13,108,5,'Street A','149.6',127),(13,142,6,'Street A','148.9',128),(13,110,1,'Street B','155.8',129),(13,106,2,'Street B','154.9',130),(13,143,3,'Street B','153.4',131),(13,113,4,'Street B','153.4',132),(13,144,5,'Street B','142.4',133),(13,145,6,'Street B','140',134),(13,146,7,'Street B','139.7',135),(13,94,1,'Street C','154.9',136),(13,147,2,'Street C','154',137),(13,148,3,'Street C','142.3',138),(13,120,4,'Street C','136.3',139),(13,122,1,'Street Max 1-2','157',140),(13,123,2,'Street Max 1-2','154.5',141),(13,149,3,'Street Max 1-2','145.5',142),(13,150,4,'Street Max 1-2','144.7',143),(13,151,5,'Street Max 1-2','140.5',144),(13,61,1,'Street Max 3-4','158.9',145),(13,152,2,'Street Max 3-4','146.5',146),(13,129,1,'Super Street 1-2','161.3',147),(13,130,2,'Super Street 1-2','153.7',148),(13,153,3,'Super Street 1-2','154.7',149),(13,30,4,'Super Street 1-2','147.7',150),(13,154,5,'Super Street 1-2','146.9',151),(13,155,1,'Super Street 1-2 Nw','154.5',152),(13,156,2,'Super Street 1-2 Nw','145.8',153),(13,135,3,'Super Street 1-2 Nw','136.5',154),(13,157,1,'Super Street 3-4','158.8',155),(13,127,2,'Super Street 3-4','157.4',156),(13,158,3,'Super Street 3-4','153.7',157),(13,159,4,'Super Street 3-4','153.6',158),(13,160,5,'Super Street 3-4','150.9',159),(13,161,6,'Super Street 3-4','146.4',160),(13,162,1,'Super Street 5+','152.9',161),(13,163,2,'Super Street 5+','151.3',162),(13,164,3,'Super Street 5+','149.7',163),(15,165,1,'Extreme 1','177.8',164),(15,166,2,'Extreme 1','169.5',165),(15,95,3,'Extreme 1','173.1',166),(15,167,4,'Extreme 1','164.1',167),(15,168,5,'Extreme 1','168.3',168),(15,169,6,'Extreme 1','156.6',169),(15,170,1,'Extreme 2','176.4',170),(15,97,2,'Extreme 2','173.2',171),(15,171,3,'Extreme 2','167.3',172),(15,98,4,'Extreme 2','163.8',173),(15,172,5,'Extreme 2','159.9',174),(15,173,1,'Extreme 3-4','178.1',175),(15,174,2,'Extreme 3-4','175.4',176),(15,175,3,'Extreme 3-4','172.3',177),(15,138,4,'Extreme 3-4','146',178),(15,101,1,'Extreme 5+','178.3',179),(15,102,2,'Extreme 5+','175.3',180),(15,99,3,'Extreme 5+','173.5',181),(15,100,4,'Extreme 5+','172.1',182),(15,176,5,'Extreme 5+','161.1',183),(15,177,6,'Extreme 5+','160',184),(15,76,7,'Extreme 5+','149.8',185),(15,178,1,'Street A','156.1',186),(15,103,2,'Street A','155.6',187),(15,179,3,'Street A','155.4',188),(15,105,4,'Street A','155.3',189),(15,180,5,'Street A','155.3',190),(15,139,6,'Street A','154.6',191),(15,29,7,'Street A','154.3',192),(15,140,8,'Street A','154.1',193),(15,181,1,'Street B','157.6',194),(15,143,2,'Street B','155.7',195),(15,110,3,'Street B','155.9',196),(15,182,4,'Street B','155.8',197),(15,111,5,'Street B','154.9',198),(15,183,6,'Street B','154.3',199),(15,184,7,'Street B','154',200),(15,37,8,'Street B','153.6',201),(15,44,1,'Street C','157',202),(15,94,2,'Street C','156.4',203),(15,185,3,'Street C','155.5',204),(15,46,4,'Street C','154.7',205),(15,147,5,'Street C','154.5',206),(15,115,6,'Street C','154.2',207),(15,116,7,'Street C','154.1',208),(15,186,8,'Street C','153.9',209),(15,51,1,'Street Max 1-2','163',210),(15,187,2,'Street Max 1-2','157.8',211),(15,121,3,'Street Max 1-2','157',212),(15,123,4,'Street Max 1-2','157.1',213),(15,122,5,'Street Max 1-2','156.7',214),(15,52,6,'Street Max 1-2','155.7',215),(15,108,7,'Street Max 1-2','155.3',216),(15,188,8,'Street Max 1-2','155.2',217),(15,189,1,'Street Max 3-4','162.4',218),(15,61,2,'Street Max 3-4','162.3',219),(15,190,3,'Street Max 3-4','161.2',220),(15,60,4,'Street Max 3-4','161.1',221),(15,191,5,'Street Max 3-4','156.6',222),(15,192,6,'Street Max 3-4','156.1',223),(15,193,7,'Street Max 3-4','144.7',224),(15,194,1,'Super Street 1-2','166.3',225),(15,195,2,'Super Street 1-2','166.2',226),(15,66,3,'Super Street 1-2','165.4',227),(15,196,4,'Super Street 1-2','165.1',228),(15,197,5,'Super Street 1-2','163.8',229),(15,129,6,'Super Street 1-2','161.4',230),(15,198,7,'Super Street 1-2','160.3',231),(15,131,8,'Super Street 1-2','159.9',232),(15,199,1,'Super Street 1-2 Nw','162',233),(15,200,2,'Super Street 1-2 Nw','163.3',234),(15,201,3,'Super Street 1-2 Nw','161.8',235),(15,73,4,'Super Street 1-2 Nw','158.1',236),(15,202,5,'Super Street 1-2 Nw','161.4',237),(15,203,6,'Super Street 1-2 Nw','157.4',238),(15,204,7,'Super Street 1-2 Nw','157.2',239),(15,132,8,'Super Street 1-2 Nw','154.6',240),(15,78,1,'Super Street 3-4','168.2',241),(15,136,2,'Super Street 3-4','164.8',242),(15,205,3,'Super Street 3-4','165.1',243),(15,62,4,'Super Street 3-4','164.5',244),(15,80,5,'Super Street 3-4','163.7',245),(15,206,6,'Super Street 3-4','162.5',246),(15,207,7,'Super Street 3-4','160.7',247),(15,208,8,'Super Street 3-4','149.1',248),(15,86,1,'Super Street 5+','169.6',249),(15,87,2,'Super Street 5+','168.7',250),(15,209,3,'Super Street 5+','168.5',251),(15,81,4,'Super Street 5+','168.8',252),(15,210,5,'Super Street 5+','164.1',253),(15,54,6,'Super Street 5+','160.8',254),(15,211,7,'Super Street 5+','160.2',255),(15,212,8,'Super Street 5+','157',256),(22,213,1,'Street B','143.7',257),(22,185,1,'Street C','154.2',258),(22,214,2,'Street C','153.5',259),(22,215,3,'Street C','140.8',260),(22,216,1,'Street Max 1-2','148.2',261),(22,62,1,'Street Max 3-4','155.3',262),(22,217,1,'Super Street 1-2','141.4',263),(22,218,2,'Super Street 1-2','138.4',264),(22,194,1,'Super Street 1-2 Nw','147.2',265),(22,219,2,'Super Street 1-2 Nw','129.1',266),(22,211,1,'Super Street 5+','158.5',267),(23,169,1,'Extreme 1','164.5',268),(23,220,1,'Mini Street 1','152.4',269),(23,221,2,'Mini Street 1','132.5',270),(23,222,1,'Mini Street 2','145.3',271),(23,223,2,'Mini Street 2','137.8',272),(23,224,1,'Street A','143.4',273),(23,225,2,'Street A','145.3',274),(23,226,1,'Street B','150',275),(23,227,2,'Street B','145.7',276),(23,228,3,'Street B','148.6',277),(23,229,4,'Street B','139.7',278),(23,230,1,'Street C','140',279),(23,231,1,'Street Max 3-4','151.3',280),(23,65,1,'Super Street 1-2','164.9',281),(23,194,2,'Super Street 1-2','159.8',282),(23,201,1,'Super Street 1-2 Nw','161.9',283),(23,62,1,'Super Street 5+','159',284),(24,172,1,'Extreme 2','160.7',285),(24,179,1,'Street A','153.1',286),(24,232,2,'Street A','140.3',287),(24,233,3,'Street A','137.7',288),(24,234,4,'Street A','135.2',289),(24,182,1,'Street B','150.1',290),(24,203,2,'Street B','148.8',291),(24,235,3,'Street B','150.5',292),(24,236,4,'Street B','145.2',293),(24,237,5,'Street B','145.7',294),(24,238,6,'Street B','144.4',295),(24,239,7,'Street B','141.6',296),(24,240,8,'Street B','140.9',297),(24,241,1,'Street C','150',298),(24,242,2,'Street C','146.4',299),(24,243,3,'Street C','146.7',300),(24,244,4,'Street C','145.3',301),(24,245,5,'Street C','140.3',302),(24,246,6,'Street C','135.5',303),(24,247,1,'Street Max 1-2','147.1',304),(24,248,2,'Street Max 1-2','140.6',305),(24,249,3,'Street Max 1-2','134.6',306),(24,188,4,'Street Max 1-2','130.9',307),(24,190,1,'Street Max 3-4','154.3',308),(24,250,2,'Street Max 3-4','141.1',309),(24,251,3,'Street Max 3-4','139.8',310),(24,252,1,'Super Street 1-2','159',311),(24,253,2,'Super Street 1-2','145.5',312),(24,254,3,'Super Street 1-2','141.2',313),(24,255,4,'Super Street 1-2','141',314),(24,256,5,'Super Street 1-2','140.8',315),(24,257,1,'Super Street 1-2 Nw','141.9',316),(24,258,2,'Super Street 1-2 Nw','139.7',317),(24,259,3,'Super Street 1-2 Nw','143.7',318),(24,260,4,'Super Street 1-2 Nw','140.8',319),(24,261,1,'Super Street 3-4','149.5',320),(24,262,2,'Super Street 3-4','135.1',321),(24,210,1,'Super Street 5+','162.8',322),(24,263,2,'Super Street 5+','146.5',323),(24,264,3,'Super Street 5+','145.7',324),(25,265,1,'Mini Street 1','138',325),(25,266,2,'Mini Street 1','131.9',326),(25,267,1,'Mini Street 2','139.5',327),(25,268,2,'Mini Street 2','135',328),(25,269,3,'Mini Street 2','130.7',329),(25,270,1,'Mini Street 3','141.6',330),(25,271,2,'Mini Street 3','138.5',331),(25,272,3,'Mini Street 3','137',332),(25,273,4,'Mini Street 3','136.4',333),(25,28,1,'Street A','153.6',334),(25,274,2,'Street A','149.8',335),(25,32,3,'Street A','149.8',336),(25,36,1,'Street B','155',337),(25,42,2,'Street B','152.7',338),(25,275,3,'Street B','151.3',339),(25,52,1,'Street Max 1-2','157.9',340),(25,53,2,'Street Max 1-2','151.3',341),(25,192,1,'Street Max 3-4','159.5',342),(25,78,1,'Super Street 1-2','164.5',343),(25,200,1,'Super Street 1-2 Nw','161',344),(25,79,1,'Super Street 3-4','167.3',345),(25,209,2,'Super Street 3-4','139.3',346),(25,86,1,'Super Street 5+','168.6',347),(26,104,1,'Street A','153.4',348),(26,105,2,'Street A','152.6',349),(26,276,3,'Street A','150.2',350),(26,224,4,'Street A','149.2',351),(26,110,1,'Street B','155.3',352),(26,277,2,'Street B','147.5',353),(26,94,1,'Street C','156.9',354),(26,115,2,'Street C','151.7',355),(26,278,3,'Street C','150.5',356),(26,279,4,'Street C','144.8',357),(26,123,1,'Street Max 1-2','155.8',358),(26,280,2,'Street Max 1-2','151.1',359),(26,187,3,'Street Max 1-2','140.8',360),(26,281,4,'Street Max 1-2','145.1',361),(26,193,1,'Street Max 3-4','142.5',362),(26,282,1,'Super Street 1-2','146.5',363),(26,283,2,'Super Street 1-2','138.1',364),(26,284,1,'Super Street 3-4','147.8',365),(26,285,2,'Super Street 3-4','141',366),(26,286,3,'Super Street 3-4','139.8',367),(26,163,1,'Super Street 5+','151.4',368),(26,85,2,'Super Street 5+','145.1',369),(26,287,3,'Super Street 5+','137',370),(27,95,1,'Extreme 1','169.8',371),(27,98,1,'Extreme 2','157.6',372),(27,29,1,'Street A','151.4',373),(27,224,2,'Street A','148.8',374),(27,140,3,'Street A','148.5',375),(27,142,4,'Street A','147.8',376),(27,148,5,'Street A','143',377),(27,187,6,'Street A','141.3',378),(27,110,1,'Street B','155.5',379),(27,143,2,'Street B','151.7',380),(27,288,3,'Street B','136.5',381),(27,94,1,'Street C','156.9',382),(27,44,2,'Street C','156.7',383),(27,115,3,'Street C','151.7',384),(27,289,4,'Street C','151.1',385),(27,121,1,'Street Max 1-2','156.5',386),(27,123,2,'Street Max 1-2','156.1',387),(27,290,1,'Super Street 1-2','163.8',388),(27,130,2,'Super Street 1-2','160.1',389),(27,194,3,'Super Street 1-2','162.9',390),(27,69,4,'Super Street 1-2','148.1',391),(27,291,1,'Super Street 1-2 Nw','143.1',392),(27,156,2,'Super Street 1-2 Nw','146.6',393),(27,135,3,'Super Street 1-2 Nw','138.4',394),(27,292,4,'Super Street 1-2 Nw','143',395),(27,293,5,'Super Street 1-2 Nw','130',396),(27,158,1,'Super Street 3-4','154.2',397),(27,294,2,'Super Street 3-4','152.5',398),(27,126,3,'Super Street 3-4','150.2',399),(27,210,1,'Super Street 5+','163.5',400),(27,162,2,'Super Street 5+','151.2',401),(30,181,1,'Street B','154.1',402),(30,295,2,'Street B','140.4',403),(30,185,3,'Street B','151.7',404),(30,230,1,'Street C','149.8',405),(30,296,1,'Street Max 1-2','150.4',406),(30,189,1,'Street Max 3-4','161.6',407),(30,297,1,'Super Street 1-2 Nw','157.6',408),(30,298,2,'Super Street 1-2 Nw','146.4',409),(30,299,1,'Super Street 5+','140',410),(31,102,1,'Extreme 5+','175.3',411),(31,100,2,'Extreme 5+','161.7',412),(31,300,3,'Extreme 5+','160.8',413),(31,112,1,'Street B','156',414),(31,42,2,'Street B','152.8',415),(31,301,1,'Street Max 3-4','158.1',416),(31,302,2,'Street Max 3-4','147.5',417),(31,195,1,'Super Street 1-2','162.3',418),(31,303,2,'Super Street 1-2','157.9',419),(31,67,3,'Super Street 1-2','155.6',420),(31,304,1,'Super Street 1-2 Nw','145.7',421),(32,305,1,'Street A','137.6',422),(32,306,2,'Street A','133.3',423),(32,235,1,'Street B','151.8',424),(32,243,1,'Street C','145.6',425),(32,188,1,'Street Max 1-2','143',426),(32,307,2,'Street Max 1-2','139.1',427),(32,190,1,'Street Max 3-4','154.1',428),(32,308,2,'Street Max 3-4','138.9',429),(32,182,1,'Super Street 1-2','150.5',430),(32,232,2,'Super Street 1-2','141.6',431),(32,309,1,'Super Street 1-2 Nw','147.9',432),(32,257,2,'Super Street 1-2 Nw','146.1',433),(32,203,3,'Super Street 1-2 Nw','142.4',434),(32,210,1,'Super Street 3-4','161.2',435),(32,310,2,'Super Street 3-4','154',436),(33,76,1,'Extreme 5+','122.4',437),(33,311,1,'Mini Street 3','144',438),(33,312,2,'Mini Street 3','140.1',439),(33,313,3,'Mini Street 3','135.1',440),(33,29,1,'Street A','140.7',441),(33,183,1,'Street B','151',442),(33,192,1,'Street Max 3-4','158.7',443),(33,197,1,'Super Street 1-2','160.7',444),(33,314,1,'Super Street 1-2 Nw','141.9',445),(33,212,1,'Super Street 5+','152.4',446),(34,29,1,'Street A','150.4',447),(34,60,1,'Street Max 3-4','161.7',448),(34,197,1,'Super Street 1-2','161.3',449),(34,212,1,'Super Street 1-2 Nw','134.3',450),(34,52,1,'Super Street 3-4','140',451),(34,86,1,'Super Street 5+','168.4',452),(35,166,1,'Extreme 1','162.9',453),(35,315,1,'Street A','142.7',454),(35,316,2,'Street A','139.4',455),(35,317,1,'Street B','150.5',456),(35,318,2,'Street B','150.3',457),(35,319,3,'Street B','142',458),(35,186,1,'Street C','152.5',459),(35,320,1,'Street Max 1-2','151',460),(35,184,1,'Street Max 3-4','143.8',461),(35,321,1,'Super Street 1-2','151',462),(35,322,2,'Super Street 1-2','139',463),(35,202,1,'Super Street 1-2 Nw','162.6',464),(35,323,2,'Super Street 1-2 Nw','157.8',465),(35,205,1,'Super Street 3-4','163.9',466),(35,324,2,'Super Street 3-4','142.2',467),(35,325,1,'Super Street 5+','154',468),(36,100,1,'Extreme 5+','168.9',469),(36,44,1,'Street A','153',470),(36,279,2,'Street A','150.2',471),(36,326,3,'Street A','132.9',472),(36,183,1,'Street B','151.5',473),(36,327,2,'Street B','136.2',474),(36,328,3,'Street B','131.4',475),(36,46,1,'Street C','152.2',476),(36,329,2,'Street C','142.1',477),(36,123,1,'Street Max 1-2','156',478),(36,288,1,'Street Max 3-4','137.3',479),(36,330,2,'Street Max 3-4','132.6',480),(36,331,1,'Super Street 1-2','147.5',481),(36,277,1,'Super Street 1-2 Nw','151.1',482),(36,332,2,'Super Street 1-2 Nw','145.8',483),(36,333,3,'Super Street 1-2 Nw','139',484),(36,334,4,'Super Street 1-2 Nw','140.3',485),(36,335,5,'Super Street 1-2 Nw','135.2',486),(36,336,1,'Super Street 3-4','146.9',487),(36,337,1,'Super Street 5+','136.6',488),(37,225,1,'Street A','144.4',489),(37,338,2,'Street A','140.8',490),(37,339,3,'Street A','135',491),(37,182,1,'Street B','152.9',492),(37,227,2,'Street B','148.6',493),(37,340,3,'Street B','140.2',494),(37,341,1,'Street C','145.5',495),(37,231,1,'Street Max 1-2','152.9',496),(37,342,2,'Street Max 1-2','149.8',497),(37,292,3,'Street Max 1-2','141',498),(37,343,1,'Street Max 3-4','146.4',499),(37,69,1,'Super Street 1-2','155.6',500),(37,344,2,'Super Street 1-2','144.2',501),(37,345,3,'Super Street 1-2','141',502),(37,346,4,'Super Street 1-2','139',503),(37,257,1,'Super Street 1-2 Nw','151.8',504),(37,347,2,'Super Street 1-2 Nw','144.6',505),(37,207,1,'Super Street 3-4','155.3',506),(37,348,2,'Super Street 3-4','146.7',507),(37,349,1,'Super Street 5+','151.8',508),(38,350,1,'Street A','139.8',509),(38,351,2,'Street A','138.5',510),(38,63,1,'Street C','149.5',511),(38,352,2,'Street C','144.6',512),(38,353,3,'Street C','138.3',513),(38,354,1,'Street Max 1-2','148.7',514),(38,355,2,'Street Max 1-2','144.5',515),(38,356,3,'Street Max 1-2','146',516),(38,357,1,'Street Max 3-4','141.9',517),(38,358,1,'Super Street 1-2','144.6',518),(38,73,1,'Super Street 1-2 Nw','157.7',519),(38,84,2,'Super Street 1-2 Nw','144.7',520),(38,80,1,'Super Street 3-4','155.5',521),(38,359,2,'Super Street 3-4','147.2',522),(38,360,3,'Super Street 3-4','147.1',523),(38,85,4,'Super Street 3-4','146.7',524),(38,81,1,'Super Street 5+','163.4',525),(38,361,2,'Super Street 5+','149.4',526),(38,362,3,'Super Street 5+','153.7',527),(39,167,1,'Extreme 1','164',528),(39,170,1,'Extreme 3-4','175.9',529),(39,102,1,'Extreme 5+','175.1',530),(39,177,2,'Extreme 5+','164.2',531),(39,364,1,'Street A','134.3',532),(39,365,2,'Street A','130.8',533),(39,366,3,'Street A','145.3',534),(39,367,4,'Street A','139',535),(39,42,1,'Street B','152.3',536),(39,37,2,'Street B','153.1',537),(39,368,3,'Street B','139.9',538),(39,46,1,'Street C','154',539),(39,63,2,'Street C','149.2',540),(39,369,3,'Street C','139.9',541),(39,353,4,'Street C','138.8',542),(39,370,5,'Street C','132.3',543),(39,371,1,'Street Max 3-4','140.5',544),(39,372,2,'Street Max 3-4','134.8',545),(39,66,1,'Super Street 1-2','164.8',546),(39,197,2,'Super Street 1-2','163.8',547),(39,129,3,'Super Street 1-2','152.9',548),(39,373,1,'Super Street 1-2 Nw','148.7',549),(39,374,2,'Super Street 1-2 Nw','146.9',550),(39,375,3,'Super Street 1-2 Nw','147',551),(39,212,4,'Super Street 1-2 Nw','134.2',552),(39,376,5,'Super Street 1-2 Nw','131.4',553),(39,59,1,'Super Street 3-4','163.6',554),(39,377,2,'Super Street 3-4','147.9',555),(39,85,3,'Super Street 3-4','146.8',556),(39,87,1,'Super Street 5+','167',557),(39,361,2,'Super Street 5+','154.5',558),(40,378,1,'Extreme 2','149.3',559),(40,315,1,'Street A','142.8',560),(40,318,1,'Street B','151.7',561),(40,379,2,'Street B','144.1',562),(40,317,3,'Street B','149.5',563),(40,380,4,'Street B','136.5',564),(40,381,1,'Street C','144.6',565),(40,320,1,'Street Max 1-2','151.9',566),(40,382,1,'Street Max 3-4','146.2',567),(40,383,2,'Street Max 3-4','144.2',568),(40,384,1,'Super Street 1-2','151.5',569),(40,385,2,'Super Street 1-2','144.2',570),(40,386,1,'Super Street 1-2 Nw','151.3',571),(40,387,1,'Super Street 3-4','156',572),(40,388,2,'Super Street 3-4','148.4',573),(40,389,3,'Super Street 3-4','143.2',574),(40,390,1,'Super Street 5+','153.3',575),(40,391,2,'Super Street 5+','149.2',576),(41,98,1,'Extreme 1','155.6',577),(41,126,1,'Extreme 3-4','153.2',578),(41,105,1,'Street A','154.8',579),(41,139,2,'Street A','154.4',580),(41,110,1,'Street B','155.6',581),(41,183,2,'Street B','153.7',582),(41,392,3,'Street B','140',583),(41,94,1,'Street C','156.6',584),(41,120,2,'Street C','137.3',585),(41,121,1,'Street Max 1-2','156.2',586),(41,149,2,'Street Max 1-2','147.1',587),(41,393,3,'Street Max 1-2','140',588),(41,46,1,'Street Max 3-4','153.3',589),(41,123,1,'Super Street 1-2','156.4',590),(41,394,2,'Super Street 1-2','133.5',591),(41,156,1,'Super Street 1-2 Nw','146.6',592),(41,395,2,'Super Street 1-2 Nw','140.8',593),(41,135,3,'Super Street 1-2 Nw','138.3',594),(41,287,4,'Super Street 1-2 Nw','136.5',595),(41,127,1,'Super Street 3-4','159',596),(41,396,2,'Super Street 3-4','146.6',597),(41,115,1,'Super Street 5+','151.7',598),(41,397,2,'Super Street 5+','149.3',599),(41,164,3,'Super Street 5+','150',600),(41,398,4,'Super Street 5+','141.9',601),(41,399,5,'Super Street 5+','141.4',602),(44,400,1,'Extreme 1','169.1',603),(44,167,2,'Extreme 1','163.3',604),(44,170,1,'Extreme 2','176.6',605),(44,353,2,'Extreme 2','152.4',606),(44,402,3,'Extreme 2','151',607),(44,173,1,'Extreme 3-4','177.7',608),(44,101,1,'Extreme 5+','178.2',609),(44,102,2,'Extreme 5+','171.4',610),(44,177,3,'Extreme 5+','177.6',611),(44,100,4,'Extreme 5+','172.7',612),(44,140,1,'Street A','153.3',613),(44,403,2,'Street A','150.2',614),(44,404,3,'Street A','144.5',615),(44,39,1,'Street B','154.7',616),(44,406,2,'Street B','152.1',617),(44,37,3,'Street B','154.8',618),(44,407,4,'Street B','144',619),(44,42,5,'Street B','153.3',620),(44,408,6,'Street B','151.1',621),(44,409,7,'Street B','142.2',622),(44,45,1,'Street C','153.8',623),(44,410,2,'Street C','153.7',624),(44,46,3,'Street C','153.3',625),(44,411,4,'Street C','151.7',626),(44,412,5,'Street C','149',627),(44,413,1,'Street Max 1-2','155.8',628),(44,414,2,'Street Max 1-2','151',629),(44,58,3,'Street Max 1-2','144.2',630),(44,415,4,'Street Max 1-2','141.6',631),(44,61,1,'Street Max 3-4','160.5',632),(44,302,2,'Street Max 3-4','150.3',633),(44,371,3,'Street Max 3-4','142.1',634),(44,416,1,'Super Street 1-2','165.4',635),(44,66,2,'Super Street 1-2','164.8',636),(44,417,3,'Super Street 1-2','159',637),(44,69,4,'Super Street 1-2','156.2',638),(44,418,5,'Super Street 1-2','149.2',639),(44,419,6,'Super Street 1-2','142.1',640),(44,200,1,'Super Street 1-2 Nw','162.8',641),(44,73,2,'Super Street 1-2 Nw','157',642),(44,30,3,'Super Street 1-2 Nw','151.3',643),(44,78,1,'Super Street 3-4','168.8',644),(44,420,2,'Super Street 3-4','165.8',645),(44,86,1,'Super Street 5+','170.1',646),(44,81,2,'Super Street 5+','167.1',647),(44,88,3,'Super Street 5+','156.2',648),(44,354,4,'Super Street 5+','146.8',649);
/*!40000 ALTER TABLE `eventresults` ENABLE KEYS */;
UNLOCK TABLES;

--
-- Table structure for table `events`
--

DROP TABLE IF EXISTS `events`;
CREATE TABLE `events` (
  `EventName` text NOT NULL,
  `EventID` int(11) NOT NULL auto_increment,
  `EventDate` text,
  `PointsMultiplier` int(11) NOT NULL default '0',
  `EventLocation` text,
  `Season` int(11) NOT NULL default '0',
  PRIMARY KEY  (`EventID`)
) ENGINE=InnoDB;

--
-- Dumping data for table `events`
--

LOCK TABLES `events` WRITE;
/*!40000 ALTER TABLE `events` DISABLE KEYS */;
INSERT INTO `events` VALUES ('Spring Break Nationals',11,'3/25/2006',3,'Daytona Beach, FL',2006),('Steel Valley Regionals',12,'5/20/2006',3,'Chester, WV',2006),('Bs Car Stereo',13,'7/16/2006',3,'South Amherst, OH',2006),('Xtremeblast.net',14,'7/29/2006',3,'Wampum, PA',2006),('DB Drag World Finals 2006',15,'10/14/2006',4,'Louisville, KY',2006),('Springdale Fire Dept.',22,'4/8/2006',3,'Springdale, AR',2006),('NW Audio',23,'6/4/2006',3,'Platte City, MO',2006),('Dropfest',24,'6/3/2006',3,'Kaukauna, WI',2006),('Audio X Inc.',25,'6/10/2006',3,'Florence, AL',2006),('H&K Audio',26,'6/18/2006',3,'Kendalville, IN',2006),('Maxxsonics USA',27,'6/24/2006',3,'Lake Zurich, IL',2006),('CN Sounds LLC',28,'7/15/2006',3,'Ft. Wayne, IN',2006),('Advanced Car Creations',29,'7/23/2006',3,'Garden Grove, CA',2006),('Loud n Clear',30,'8/13/2006',3,'Oklahoma City, OK',2006),('NSPL/Dream Makers',31,'8/19/2006',3,'Myrtle Beach, SC',2006),('Kartunes',32,'8/20/2006',3,'West Allis, WI',2006),('Stereo One',33,'8/26/2006',3,'Dickson, TN',2006),('Audio X',34,'8/27/2006',3,'Florence, AL',2006),('Alta Mere',35,'8/27/2006',3,'Rocklin, CA',2006),('Slamology',36,'9/2/2006',3,'Indianapolis, IN',2006),('Best Buy',37,'9/9/2006',3,'West Des Moines, IA',2006),('Sunshine State Nationals',38,'9/10/2006',3,'Orlando, FL',2006),('Nopi',39,'9/16/2006',3,'Hampton, GA',2006),('JC Car Audio',40,'9/16/2006',3,'Sparks, NV',2006),('Audio Outlaws',41,'9/23/2006',3,'Brook Park, OH',2006),('Spring Break Nationals',44,'3/22/2007',3,'Daytona Beach, FL',2007);
/*!40000 ALTER TABLE `events` ENABLE KEYS */;
UNLOCK TABLES;

--
-- Table structure for table `eventsold`
--

DROP TABLE IF EXISTS `eventsold`;
CREATE TABLE `eventsold` (
  `EventID` int(11) NOT NULL auto_increment,
  `EventName` text,
  `EventDate` text,
  `IsMulti` int(11) default NULL,
  PRIMARY KEY  (`EventID`)
) ENGINE=InnoDB;

--
-- Dumping data for table `eventsold`
--

LOCK TABLES `eventsold` WRITE;
/*!40000 ALTER TABLE `eventsold` DISABLE KEYS */;
INSERT INTO `eventsold` VALUES (1,'dB Drag Racing Association','March 25, 2006',3),(2,'Audio Maxx','May 19, 2006',1),(3,'Steel Valley Regional','May 20, 2006',3),(4,'Circuit City Burlington','May 14, 2006',1),(5,'Innovative Motorsports','June 17, 2006',1),(6,'T Rex Audio','June  3, 2006',1),(7,'Innovative Motorsports','July  9, 2006',1),(8,'Bs Car Stereo','July 16, 2006',3),(9,'Xtremeblast.net','July 29, 2006',3),(10,'T-Rex Audio','July 22, 2006',1),(11,'Innovative Motorsports','May 13, 2006',1),(12,'Innovative Motorsports','July  8, 2006',1),(13,'NOPI','September 16, 2006',3),(14,'dB Drag Racing Association','October  7, 2005',4),(15,'Auto Sound Express','January  1, 2006',NULL),(16,'USAudio','December 31, 2005',NULL),(17,'Supreme Audio','December 18, 2005',NULL),(18,'USAudio','April  1, 2006',NULL),(19,'Auto Sound Express','March 19, 2006',NULL),(20,'Installation Station','April  2, 2006',NULL),(21,'Border Motorsports','April  9, 2006',NULL),(22,'USAudio','May 13, 2006',NULL),(23,'Supreme Audio','August 13, 2006',NULL),(24,'Border Motorsports','May  7, 2006',NULL),(25,'Audio Outlaws','May 27, 2006',NULL),(26,'CN Sounds LLC','July 15, 2006',NULL),(27,'Big Boi Customs','August 12, 2006',NULL),(28,'Audio Advantage','August 25, 2006',NULL),(29,'Audio Advantage','September  1, 2006',NULL),(30,'Slamology','September  2, 2006',NULL),(31,'Circuit City','September 15, 2006',NULL),(32,'Pinnacle Electronics','March 19, 2006',NULL),(33,'K and A Kustom Audio','July 16, 2006',NULL),(34,'K and A Kustom Audio','August  6, 2006',NULL),(35,'K and A Kustom Audio','July  2, 2006',NULL),(36,'K and A Kustom Audio','September 10, 2006',NULL),(37,'K and A Kustom Audio','August 20, 2006',NULL),(38,'USACi / ASP','October 14, 2005',NULL),(39,'Performance Audio','August  5, 2006',NULL),(40,'Audio Plus','August 12, 2006',NULL),(41,'Loud n Clear','August 13, 2006',NULL),(42,'Autosound Inc.','September 16, 2006',NULL),(43,'H&K Audio','December 31, 2005',NULL),(44,'Hreha Reflections','January 15, 2006',NULL),(45,'Hreha Reflections','March  5, 2006',NULL),(46,'Hreha Reflections','February 12, 2006',NULL),(47,'The Andersons','June  3, 2006',NULL),(48,'Norwalk Raceway Park','June  7, 2006',NULL),(49,'H&K Audio','June 18, 2006',NULL),(50,'Audio Outlaws','July  8, 2006',NULL),(51,'Norwalk Raceway Park','July  5, 2006',NULL),(52,'HiFi Connection','July  9, 2006',NULL),(53,'Maxxsonics USA','June 24, 2006',NULL),(54,'SPLMAX','July  4, 2006',NULL),(55,'Best Buy','July 22, 2006',NULL),(56,'Norwalk Raceway Park','August  2, 2006',NULL),(57,'H&K Audio','August 13, 2006',NULL),(58,'Norwalk Raceway Park','August 30, 2006',NULL),(59,'Advanced Mobile Toys','August 26, 2006',NULL),(60,'Team Nutz Technology','September 10, 2006',NULL),(61,'Advanced Mobile Toys','August  4, 2006',NULL),(62,'Audio Outlaws','August  5, 2006',NULL),(63,'Springdale Fire Dept','April  8, 2006',NULL),(64,'Bills Glass & Audio','May 20, 2006',NULL),(65,'NW Audio','June  4, 2006',NULL),(66,'Gold Exchange & Pawn','July  9, 2006',NULL),(67,'Competitive Audio','July 14, 2006',NULL),(68,'JH Customs','July 15, 2006',NULL),(69,'Audio X Inc.','June 10, 2006',NULL),(70,'Stereo One','June 11, 2006',NULL),(71,'Border Motorsports','June  4, 2006',NULL),(72,'USAudio','September 16, 2006',NULL),(73,'Just Playin Car Audio','August  5, 2006',NULL),(74,'Standard Electronics','February  5, 2006',NULL),(75,'Tint Shop Autosports','February  4, 2006',NULL),(76,'Lawsons','February  3, 2006',NULL),(77,'Audio Extremes','May 21, 2006',NULL),(78,'Dave & Busters','April 30, 2006',NULL),(79,'Sound Solutions Inc.','July 29, 2006',NULL),(80,'Sound Solutions Inc.','September 16, 2006',NULL),(81,'Sound Solutions Inc.','November  5, 2005',NULL);
/*!40000 ALTER TABLE `eventsold` ENABLE KEYS */;
UNLOCK TABLES;

--
-- Table structure for table `navigation`
--

DROP TABLE IF EXISTS `navigation`;
CREATE TABLE `navigation` (
  `Link` varchar(50) NOT NULL default '',
  `Text` varchar(50) NOT NULL default '',
  `Blank` tinyint(4) NOT NULL default '0',
  PRIMARY KEY  (`Link`)
) ENGINE=MyISAM;

--
-- Dumping data for table `navigation`
--

LOCK TABLES `navigation` WRITE;
/*!40000 ALTER TABLE `navigation` DISABLE KEYS */;
INSERT INTO `navigation` VALUES ('main.php','Home',0),('Manage.php','Manage my team',0),('AddMember.php','Browse Competitor\'s',0),('ViewTeams.php','Browse user\'s teams',0),('TopTeams.php','Top teams',0),('AlbumViewer.php','SPL photos',0),('ReportBugs.php','Report bugs',0),('Prizes.php','Prizes',0),('http://www.splfantasy.com/forum','Forum',1),('Register.php','Register',0),('CCShows.php','Circuit City Tour \'07',0);
/*!40000 ALTER TABLE `navigation` ENABLE KEYS */;
UNLOCK TABLES;

--
-- Table structure for table `pastteams`
--

DROP TABLE IF EXISTS `pastteams`;
CREATE TABLE `pastteams` (
  `Members` varchar(40) NOT NULL default '',
  `Date` date NOT NULL default '0000-00-00',
  `TeamID` int(11) NOT NULL default '0',
  `PastTeamID` int(11) NOT NULL auto_increment,
  KEY `PastTeamIDIndex` (`PastTeamID`)
) ENGINE=InnoDB;

--
-- Dumping data for table `pastteams`
--

LOCK TABLES `pastteams` WRITE;
/*!40000 ALTER TABLE `pastteams` DISABLE KEYS */;
INSERT INTO `pastteams` VALUES ('170;167;;;','2007-03-17',28,1),('169;167;;;','2007-03-17',28,2),('97;167;;;','2007-03-17',28,3),('138;167;;;','2007-03-17',28,4),('138;176;;;','2007-03-17',28,5),('168;176;;;','2007-03-17',28,6),('167;;;;','2007-03-17',31,7),('95;169;;;','2007-03-17',31,8),('101;30;176;189;177','2007-03-17',33,9),('101;30;176;165;177','2007-03-17',33,10),('101;30;176;165;175','2007-03-17',33,11),('101;30;176;34;175','2007-03-17',33,12),('43;30;176;34;175','2007-03-17',33,13),('43;30;176;34;87','2007-03-17',33,14),('165;168;171;175;269','2007-03-17',34,15),('170;172;97;169;173','2007-03-18',36,16),('170;172;97;169;173','2007-03-18',36,17),('170;172;97;169;173','2007-03-18',36,18),('170;172;97;169;173','2007-03-18',36,19),('170;172;97;169;173','2007-03-18',36,20),('170;172;97;169;173','2007-03-18',36,21),(';;;;','2007-03-18',39,22),(';;;;','2007-03-18',39,23),(';;;;','2007-03-18',39,24),(';;;;','2007-03-18',39,25),(';;;;','2007-03-18',39,26),('30;;;;','2007-03-18',39,27),('30;;;;','2007-03-18',39,28),('30;;;;','2007-03-18',39,29),('30;;;;','2007-03-18',39,30),('30;;;;','2007-03-18',39,31),('30;;;;','2007-03-18',39,32),('30;171;;;','2007-03-18',39,33),('30;171;;;','2007-03-18',39,34),('30;171;;;','2007-03-18',39,35),('30;171;;;','2007-03-18',39,36),('30;171;;;','2007-03-18',39,37),('30;171;;;','2007-03-18',39,38),('30;171;87;;','2007-03-18',39,39),('30;171;87;;','2007-03-18',39,40),('30;171;87;;','2007-03-18',39,41),('30;171;87;;','2007-03-18',39,42),('30;171;87;;','2007-03-18',39,43),('30;171;87;;','2007-03-18',39,44),('30;171;87;169;','2007-03-18',39,45),('30;171;87;169;','2007-03-18',39,46),('30;171;87;169;','2007-03-18',39,47),('30;171;87;169;','2007-03-18',39,48),('30;171;87;169;','2007-03-18',39,49),('95;;;;','2007-03-18',40,50),('165;172;363;173;139','2007-03-18',40,51),('165;172;363;173;224','2007-03-18',40,52),('165;172;363;173;224','2007-03-18',40,53),('165;172;363;173;224','2007-03-18',40,54),('37;39;180;187;','2007-03-22',47,55),('182;173;51;;','2007-03-23',51,56),('95;;;;','2007-03-23',55,57),('302;165;170;363;101','2007-03-23',59,58),('136;61;97;;','2007-03-23',63,59),('112;180;87;;','2007-03-23',62,60),('165;181;;;','2007-03-23',64,61),('363;211;;;','2007-03-23',65,62),('130;101;170;133;148','2007-03-23',66,63),('363;165;210;;','2007-03-23',70,64),('78;60;32;;','2007-03-23',72,65),('39;140;;;','2007-03-23',73,66),('78;200;180;275;','2007-03-23',48,67),('110;180;;;','2007-03-23',77,68),('363;81;88;325;101','2007-03-23',65,69),('363;81;88;170;101','2007-03-23',65,70),('165;200;;;','2007-03-23',81,71),('165;122;99;;','2007-03-23',88,72),('165;78;99;;','2007-03-23',88,73),('165;78;209;;','2007-03-24',88,74),('29;39;174;;','2007-03-24',89,75),('29;39;275;196;','2007-03-24',89,76),('216;194;65;;','2007-03-24',91,77),('101;309;;;','2007-03-26',98,78),('179;190;39;109;','2007-03-26',99,79),('179;190;39;51;','2007-03-26',99,80),('179;190;39;209;','2007-03-26',99,81),('179;190;39;209;174','2007-03-26',99,82),('179;51;39;209;174','2007-03-26',99,83),('179;51;39;209;184','2007-03-26',99,84),('190;180;62;;','2007-03-28',103,85),('225;;;;','2007-03-28',104,86),('101;309;170;39;196','2007-03-31',98,87),('101;309;170;180;196','2007-03-31',98,88),('101;177;170;180;196','2007-04-02',98,89);
/*!40000 ALTER TABLE `pastteams` ENABLE KEYS */;
UNLOCK TABLES;

--
-- Table structure for table `results`
--

DROP TABLE IF EXISTS `results`;
CREATE TABLE `results` (
  `CompetitorID` int(11) NOT NULL default '0',
  `EventID` int(11) default NULL,
  `Place` int(11) default NULL,
  `DBs` text,
  `Class` text,
  `Points` int(11) default NULL,
  `ResultID` int(11) NOT NULL auto_increment,
  PRIMARY KEY  (`ResultID`)
) ENGINE=InnoDB;

--
-- Dumping data for table `results`
--

LOCK TABLES `results` WRITE;
/*!40000 ALTER TABLE `results` DISABLE KEYS */;
INSERT INTO `results` VALUES (7,11,1,'160.4','Super Street 1-2',8,14),(7,4,2,'159.3','Super Street 1-2',7,15),(7,2,2,'160','Super Street 1-2',7,16),(7,3,3,'161.2','Super Street 1-2',18,17),(7,6,1,'159.3','Super Street 1-2',8,18),(7,5,1,'160.1','Super Street 1-2',8,19),(7,12,1,'160.3','Super Street 1-2',8,20),(7,7,1,'159.2','Super Street 1-2',8,21),(7,8,1,'161.3','Super Street 1-2',24,22),(7,10,1,'160.4','Super Street 1-2',8,23),(7,13,3,'152.9','Super Street 1-2',18,24),(3,14,8,'152','Street C',4,36),(3,1,4,'151.6','Street C',15,37),(3,11,1,'147.3','Street C',8,38),(3,4,1,'151.7','Street C',8,39),(3,2,1,'151.4','Street C',8,40),(3,3,2,'151.9','Street C',21,41),(3,25,2,'150.9','Street C',7,42),(3,5,1,'151.2','Street C',8,43),(3,26,4,'154.1','Street Max 1-2',15,44),(3,9,2,'151.5','Street C',21,45),(3,27,2,'151.8','Street C',7,46),(3,28,1,'152.6','Street C',8,47),(3,29,1,'149.8','Street C',8,48),(3,30,1,'152.2','Street C',24,49),(3,31,1,'154.5','Street C',8,50),(3,13,1,'154','Street C',24,51),(4,14,1,'167.8','Super Street 5+',32,52),(4,32,1,'166.6','Super Street 5+',16,53),(4,1,2,'163.3','Super Street 5+',21,54),(4,2,1,'161.6','Super Street 5+',8,55),(4,3,1,'166.3','Super Street 5+',24,56),(4,4,1,'166','Super Street 5+',8,57),(4,13,1,'167','Super Street 5+',24,58),(4,31,1,'165.4','Super Street 5+',8,59),(5,14,6,'162.5','Super Street 1-2',12,60),(5,32,1,'162.1','Super Street 1-2',16,61),(5,1,2,'164.1','Super Street 1-2',21,62),(5,2,1,'160.1','Super Street 1-2',8,63),(5,3,2,'164.3','Super Street 1-2',21,64),(5,11,2,'162.1','Super Street 1-2',7,65),(5,4,1,'162','Super Street 1-2',8,66),(5,9,1,'164.8','Super Street 1-2',24,67),(5,13,1,'164.8','Super Street 1-2',24,68),(5,31,1,'162','Super Street 1-2',8,69),(6,14,8,'154.3','Super Street 1-2 Nw',4,70),(6,2,1,'153.3','Super Street 1-2 Nw',8,71),(6,3,1,'154.4','Super Street 1-2 Nw',24,72),(6,9,2,'153.9','Super Street 1-2 Nw',21,73),(6,33,1,'152.9','Super Street 1-2 NW',8,74),(6,34,1,'153.5','Super Street 1-2 Nw',8,75),(6,35,1,'153.7','Super Street 1-2 Nw',8,76),(6,36,1,'153.9','Super Street 1+',8,77),(6,37,1,'153.5','Super Street 1-2 Nw',8,78),(8,14,1,'158','Street C',32,79),(8,38,1,'158.5','Street C',24,80),(8,39,1,'152.2','Street B',8,81),(8,40,1,'153.1','Street B',8,82),(8,41,1,'154.1','Street B',24,83),(8,42,1,'154.7','Street A',16,84),(9,43,1,'152.2','Street C',8,85),(9,44,1,'153.8','Street C',8,86),(9,45,1,'154.6','Street C',8,87),(9,46,1,'152.5','Street C',8,88),(9,1,2,'154.3','Street C',21,89),(9,2,2,'155.1','Street C',7,90),(9,3,1,'156.5','Street C',24,91),(9,47,1,'156.5','Street C',8,92),(9,25,1,'156.7','Street C',8,93),(9,48,1,'156.6','Street C',8,94),(9,49,1,'156.9','Street C',24,95),(9,50,1,'157.2','Street C',8,96),(9,51,1,'156.9','Street C',8,97),(9,52,1,'156.9','Street C',16,98),(9,53,1,'156.9','Street C',24,99),(9,54,1,'157.1','Street C',8,100),(9,8,1,'154.9','Street C',24,101),(9,55,1,'156.6','Street C',16,102),(9,9,1,'157.1','Street C',24,103),(9,56,1,'157.1','Street C',8,104),(9,57,1,'156.8','Street C',16,105),(9,27,1,'156.7','Street C',8,106),(9,58,1,'156.7','Street C',8,107),(9,59,1,'156.7','Street C',8,108),(9,60,1,'156.7','Street C',16,109),(9,61,1,'157','Street C',8,110),(9,62,1,'156.9','Street C',8,111),(10,14,3,'161.1','Super Street 1-2 Nw',24,112),(10,63,1,'147.2','Super Street 1-2 Nw',24,113),(10,64,1,'161.4','Super Street 1-2 Nw',16,114),(10,65,2,'159.8','Super Street 1-2',21,115),(10,53,3,'162.9','Super Street 1-2',18,116),(10,66,1,'164','Super Street 1-2',8,117),(10,67,1,'164.6','Super Street 1-2',8,118),(10,68,1,'164.6','Super Street 1-2',16,119),(11,14,2,'166.4','Super Street 5+',28,120),(11,38,1,'167.2','Super Street 5+',24,121),(11,69,2,'139.3','Super Street 3-4',21,122),(11,70,1,'140.6','Super Street 5+',16,123),(12,14,3,'169.7','Extreme 2',24,124),(12,16,1,'176','Extreme 1',8,125),(12,18,1,'175.5','Extreme 1',8,126),(12,21,1,'175.6','Extreme 1',24,127),(12,22,1,'156.3','Extreme 2',8,128),(12,71,1,'140.4','Extreme 1',8,129),(12,72,1,'176.6','Extreme 1',16,130),(13,14,1,'173.8','Extreme 2',32,131),(13,38,1,'175.5','Extreme 2',24,132),(14,14,1,'175.4','Extreme 3-4',32,133),(14,38,1,'176.4','Extreme 3-4',24,134),(14,17,1,'176.5','Extreme 3-4',24,135),(14,1,1,'176.3','Extreme 3-4',24,136),(15,14,1,'178','Extreme 5+',32,137),(15,38,1,'179','Extreme 5+',24,138),(15,3,1,'179.4','Extreme 5+',24,139),(17,1,3,'150.5','Street B',18,140),(17,3,6,'151.3','Street B',9,141),(17,4,1,'151.6','Street B',8,142),(17,6,1,'150.9','Street B',8,143),(17,12,1,'151.6','Street B',8,144),(17,7,1,'151.5','Street B',8,145),(17,10,1,'151.4','Street B',8,146),(17,73,1,'152.4','Street B',8,147),(17,34,1,'151.5','Street B',8,148),(19,14,4,'163.1','Super Street 1-2',20,149),(19,38,1,'161.4','Super Street 1-2',24,150),(19,1,1,'162.7','Super Street 1-2',24,151),(19,64,1,'163.7','Super Street 1-2',16,152),(19,65,1,'164.9','Super Street 1-2',24,153),(19,68,2,'162.7','Super Street 1-2',14,154),(20,74,1,'150','Street B',8,155),(20,75,1,'151','Street B',8,156),(20,76,2,'151.4','Street B',7,157),(20,32,1,'153.5','Street B',16,158),(20,1,1,'154.1','Street B',24,159),(20,77,1,'154','Street B',8,160),(20,78,2,'154.2','Street B',7,161),(20,69,1,'155','Street B',24,162),(20,70,2,'155.2','Street B',14,163),(20,79,1,'154.1','Street B',8,164),(20,80,1,'150.2','Street B',8,165),(21,81,1,'150.2','Street A',16,166),(21,32,1,'152.5','Street A',16,167),(21,1,1,'153.4','Street A',24,168),(21,77,1,'153.1','Street A',8,169),(21,69,1,'153.6','Street A',24,170),(21,70,1,'153.9','Street A',16,171),(21,79,1,'153.2','Street A',8,172),(21,80,1,'152.9','Street A',8,173),(2,1,3,'149.9','Street A',18,174),(2,2,6,'148.7','Street A',3,175),(2,3,7,'148.3','Street A',6,176),(2,4,1,'147.5','Street A',8,177),(2,5,1,'148','Street A',8,178),(2,6,1,'144.6','Street A',8,179),(2,7,1,'147.2','Street A',8,180),(2,8,4,'147.7','Super Street 1-2',15,181),(2,9,3,'148.4','Super Street 1-2 Nw',18,182),(2,10,1,'146.9','Street A',8,183),(1,14,1,'154.3','Street A',32,184),(1,15,1,'154.5','Street A',8,185),(1,16,1,'154.5','Street A',8,186),(1,17,1,'154.2','Street A',24,187),(1,18,1,'154.8','Street A',8,188),(1,19,1,'154.7','Street A',8,189),(1,20,1,'154.5','Street A',16,190),(1,21,1,'154.7','Street A',24,191),(1,22,1,'128.9','Extreme 3-4',8,192),(1,23,1,'156.1','Street B',8,193),(1,24,1,'154.8','Street B',8,194),(27,4,1,'153.5','Super Street 1-2 Nw',8,197);
/*!40000 ALTER TABLE `results` ENABLE KEYS */;
UNLOCK TABLES;

--
-- Table structure for table `teams`
--

DROP TABLE IF EXISTS `teams`;
CREATE TABLE `teams` (
  `TeamID` int(11) NOT NULL default '0',
  `Member1` bigint(40) default NULL,
  `Member2` bigint(40) default NULL,
  `Member3` bigint(40) default NULL,
  `Member4` bigint(40) default NULL,
  `Member5` bigint(40) default NULL,
  `totalSalary` int(11) default NULL,
  `TradesLeft` int(40) default NULL,
  `DateCreated` varchar(15) default NULL,
  PRIMARY KEY  (`TeamID`)
) ENGINE=InnoDB;

--
-- Dumping data for table `teams`
--

LOCK TABLES `teams` WRITE;
/*!40000 ALTER TABLE `teams` DISABLE KEYS */;
INSERT INTO `teams` VALUES (33,43,30,138,34,87,89981,0,NULL),(34,165,168,171,175,98,85832,5,NULL),(35,NULL,NULL,NULL,NULL,NULL,0,6,NULL),(36,170,172,97,169,173,99201,0,NULL),(39,30,171,87,169,NULL,97076,-2,NULL),(40,165,172,0,173,224,99729,1,NULL),(41,NULL,NULL,NULL,NULL,NULL,0,6,NULL),(42,178,30,108,180,62,101402,6,NULL),(43,66,87,NULL,NULL,NULL,94019,6,NULL),(44,168,97,328,182,180,97423,6,NULL),(45,267,147,112,30,106,90667,6,NULL),(46,55,166,103,132,178,89905,6,NULL),(47,37,39,180,187,195,91763,5,NULL),(48,78,200,180,275,171,124044,5,NULL),(50,170,180,78,165,178,97619,6,NULL),(51,182,173,51,NULL,NULL,97064,5,NULL),(52,103,NULL,NULL,NULL,NULL,25988,6,NULL),(53,180,88,46,54,NULL,91538,6,NULL),(54,165,170,51,101,NULL,92851,6,NULL),(55,95,37,275,209,180,94615,5,NULL),(56,95,130,287,334,393,96479,6,NULL),(57,88,86,165,170,NULL,99701,6,NULL),(58,NULL,NULL,NULL,NULL,NULL,0,6,NULL),(59,302,165,170,173,101,88578,5,NULL),(60,208,38,66,165,216,102185,6,NULL),(61,110,178,NULL,NULL,NULL,98587,6,NULL),(62,112,180,87,173,64,99480,5,NULL),(63,136,61,97,109,240,99941,5,NULL),(64,165,181,65,209,NULL,96190,5,NULL),(65,173,81,88,170,101,99085,3,NULL),(66,130,101,170,133,148,112155,5,NULL),(67,86,165,204,196,180,90831,6,NULL),(68,NULL,NULL,NULL,NULL,NULL,0,6,NULL),(69,180,65,95,88,199,99051,6,NULL),(70,173,165,210,297,NULL,97554,5,NULL),(71,95,171,100,NULL,NULL,90399,6,NULL),(72,78,60,32,NULL,NULL,105949,5,NULL),(73,39,140,182,180,32,110984,5,NULL),(74,165,100,173,NULL,NULL,72868,6,NULL),(75,165,173,101,51,NULL,92506,6,NULL),(76,166,178,100,388,196,98846,6,NULL),(77,110,180,168,33,NULL,99501,5,NULL),(78,180,182,51,88,204,109945,6,NULL),(79,165,195,178,192,176,97928,6,NULL),(80,200,209,78,180,NULL,125196,6,NULL),(81,165,200,78,206,180,97295,5,NULL),(82,199,65,209,181,NULL,95673,6,NULL),(83,165,101,173,51,180,98020,6,NULL),(84,176,204,177,NULL,NULL,23834,6,NULL),(85,173,178,181,51,180,96453,6,NULL),(86,195,165,NULL,NULL,NULL,41399,6,NULL),(87,30,100,101,300,NULL,99841,6,NULL),(88,165,78,209,NULL,NULL,95213,3,NULL),(89,29,39,275,196,170,95881,4,NULL),(90,199,95,180,181,196,97399,6,NULL),(91,216,194,65,180,NULL,99680,5,NULL),(92,174,196,101,181,209,112408,6,NULL),(93,39,61,180,147,97,98340,6,NULL),(94,209,173,101,165,170,96691,6,NULL),(95,209,180,97,199,136,91148,6,NULL),(96,165,170,174,105,275,99073,6,NULL),(97,165,170,177,195,173,87331,6,NULL),(98,101,177,170,180,196,96601,2,NULL),(99,179,51,39,209,184,98125,0,NULL),(100,165,170,101,289,382,85650,6,NULL),(101,182,190,289,NULL,NULL,97859,6,NULL),(102,165,181,173,200,180,109264,6,NULL),(103,190,180,62,214,NULL,97567,5,NULL),(104,225,37,116,203,157,98749,5,NULL),(105,182,39,289,165,180,86636,6,NULL),(106,168,176,105,288,301,98727,6,NULL),(107,108,107,114,165,173,57225,6,NULL),(108,165,209,292,180,181,87355,6,NULL),(109,170,37,405,414,420,83768,6,NULL),(110,227,207,206,65,199,90579,6,NULL),(111,107,170,178,200,165,93439,6,NULL),(113,177,180,420,173,416,70579,6,NULL);
/*!40000 ALTER TABLE `teams` ENABLE KEYS */;
UNLOCK TABLES;

--
-- Table structure for table `users`
--

DROP TABLE IF EXISTS `users`;
CREATE TABLE `users` (
  `UserName` text NOT NULL,
  `TeamID` int(11) NOT NULL auto_increment,
  `UserEmail` text NOT NULL,
  `UserPassword` text NOT NULL,
  `UserIM` text,
  `ScoreYTD` int(11) default NULL,
  PRIMARY KEY  (`TeamID`)
) ENGINE=InnoDB;

--
-- Dumping data for table `users`
--

LOCK TABLES `users` WRITE;
/*!40000 ALTER TABLE `users` DISABLE KEYS */;
INSERT INTO `users` VALUES ('scott',42,'xi2elic@aol.com','azrsix','xi2elic',20),('rooney team 420',43,'roondog@gwi.net','doggy','',28),('Karc',44,'webmaster@anything-auto.net','notmine','',0),('johnny',45,'johnny@jon.com','pass','',20),('muscman',46,'whyamisofly@gmail.com','juiced00','',0),('shaven99ranger',47,'shaven99ranger@comcast.net','lassie25','shaven99ranger',55),('Curtis',48,'curtisdleslie@yahoo.com','dw@ynecherokee','',70),('splblazer',49,'loudblazer@hotmail.com','1632','',0),('SportsUnlimited',50,'curtisdleslie@gmail.com','dw@ynecherokee','',70),('suburban',51,'suburban_ant@hotmail.com','legend','bleached mr t',35),('scotthulbs',52,'scotthulbs@yahoo.com','viper','hulbs069',0),('RULOUDR',53,'mrlamonica@adelphia.net','rowbottom','bmpnblzrJL',40),('Cactus Sounds',54,'cactus_sounds@yahoo.ccom','7109','',70),('Matt_Sibley',55,'hotshot2003@cox.net','hotshot1','cybershot1',20),('naptime',56,'jaythomson@hotmail.com','crunch','',0),('NeillBarber',57,'SPLtank@yahoo.com','nitrous','',90),('V-S',58,'vernon@teamneospl.com','123456','zduce8@hotmail.com',0),('mystang',59,'mystang@sc.rr.com','carroll','',133),('emaxaudio',60,'emaxaudio@yahoo.com','slt123','',28),('eggzilla',61,'pickup_driving_fool@yahoo.com','nkparts','',0),('Wrong Way SQ',62,'reinholtzwt@vmi.edu','willie','',35),('slim',63,'js1150@comcast.net','check','',35),('solo1',64,'t.schaffer@mchsi.com','kicker','',0),('steam boat',65,'fiber5177@yahoo.com','551177','',153),('billwolf',66,'bwcad1@gmail.com','etididify11','bwcad1',70),('fiery',67,'fierywinter@hotmail.com','wintpas5','i7l7i7i',35),('eberly11',68,'eberly11@aol.com','11qsz11','eberly11',0),('Team Maxxsonics - Mike',69,'MikeS@maxxsonics.com','Alexia7','',20),('Dbeater',70,'dbeatercjj@hotmail.com','cjacobs','',35),('Polecat',71,'tfocht@kicker.com','kicker','',15),('Terry Jackson',72,'blue200sx@hotmail.com','florida','candyblue200',35),('Sound Mekanix - Street A',73,'Whittj52@uwosh.edu','91crxsi','JstnWhtty',70),('galacticmonkey',74,'galamonkey@gmail.com','stuff','galacticmonkey0',50),('AudioAnonymous',75,'ridered98@msn.com','gordon24','AnonymousMotors',70),('jadon087',76,'jadon087@comcast.net','jadon1087','jadon087',15),('onager',77,'onemontecarloss@yahoo.com','player','',0),('MartyAdair',78,'foxcrew15@aol.com','nokia','foxcrew15',20),('xploreron22s',79,'xplorerspinin22s@aol.com','blue1466','xplorerspinin22s',0),('incriminator',80,'nick@incriminatoraudio.com','inc','',70),('BigDave',81,'Sooperdave8@aol.com','auburn1','',70),('killarbb',82,'yotekilla@hotmail.com','ruger','',0),('infogiver',83,'owbamn@gmail.com','ericanders','',70),('EXTREME SOUND',84,'IASCA1@COMCAST.NET','ROBERT','',20),('tprj82',85,'tprj5@aol.com','v8lincls','tprj5',35),('Team BK',86,'teambk01@comcast.net','shadetree','',0),('lilley809',87,'lilley809@gmail.com','iloveyou','lilley809',70),('mytloud1',88,'mytloud1@hotmail.com','steph','',35),('manauta',89,'manauta671@hotmail.com','2643mike','',70),('BigOso',90,'bigososs8pkws@aol.com','1879587','',0),('Jeremiah25',91,'ledgerwoodjl@hotmail.com','poop','',0),('Jarfunkz',92,'jarfunkz@adelphia.net','ppi4ever','jarfunkzd300hc',35),('audioroach',93,'audioroach2@comcast.net','cw2420','',70),('trex',94,'trex160s@aol.com','sbn07','trex160s',105),('stussycole',95,'stussycole@hotmail.com','lebowski13','',0),('tamu',96,'bigtyme505@yahoo.com','walmart','',35),('nick cimino',97,'n_cimino32@hotmail.com','YOGUY','',90),('elmersglue',98,'elmerdelacruz2003@yahoo.com','hienzz','',90),('radiodr',99,'karma_2@charter.net','dragon','',35),('Rich Meyer',100,'bouncer_rich@yahoo.com','hondacrx','',70),('bigchili',101,'mchilcote@new.rr.com','loganleo1','',0),('luckyT',102,'ntoby@hotmail.com','lucky1','TobyNW',0),('Alan Hall',103,'splmagician@aol.com','pimpin2','splmagician',0),('dbsteve',104,'dbsteve@cox.net','010383','',0),('mikehughes305',105,'mikehughes305@hotmail.com','tricia','',0),('redheadkid89',106,'redheadkid89@aol.com','gt162005','redheadkid89',0),('Chris',107,'barclay_c@hotmail.com','kewlsk','',0),('shockingcanada',108,'newdeal_99@hotmail.com','marmalade','',0),('xdiibilly',109,'billybob1316@yahoo.com','stupid','',0),('kickercrx',110,'stoulil23@yahoo.com','Rockets1','',0),('splshows.com',111,'ntoxktd1@hotmail.com','ntoxktd1','',0),('Danny SPL',113,'spldrag2@hotmail.com','olein','',0);
/*!40000 ALTER TABLE `users` ENABLE KEYS */;
UNLOCK TABLES;
/*!40103 SET TIME_ZONE=@OLD_TIME_ZONE */;

/*!40101 SET SQL_MODE=@OLD_SQL_MODE */;
/*!40014 SET FOREIGN_KEY_CHECKS=@OLD_FOREIGN_KEY_CHECKS */;
/*!40014 SET UNIQUE_CHECKS=@OLD_UNIQUE_CHECKS */;
/*!40101 SET CHARACTER_SET_CLIENT=@OLD_CHARACTER_SET_CLIENT */;
/*!40101 SET CHARACTER_SET_RESULTS=@OLD_CHARACTER_SET_RESULTS */;
/*!40101 SET COLLATION_CONNECTION=@OLD_COLLATION_CONNECTION */;
/*!40111 SET SQL_NOTES=@OLD_SQL_NOTES */;

-- Dump completed on 2007-04-02 21:49:55
